customer_id,name,mobile,email,gender,dob,created_date,modified_date
1,Herr Hans-Hermann Holsten MBA.,(05255) 34192,gottliebmisicher@example.com,Male,1969-12-02,2025-11-28 08:48:57,2025-10-09 08:48:57
2,Univ.Prof. Gotthilf Wilmsen B.Sc.,+49(0) 056413953,pkroker@example.com,Male,1963-03-09,2025-10-30 08:48:57,2026-05-04 08:48:57
3,Fabian Weinhage-Rörricht,04969 65328,wconradi@example.org,Other,2001-04-03,2025-09-15 08:48:57,2025-08-19 08:48:57
4,Lukas Freudenberger-Zorbach,(06916) 69784,stiffelirmingard@example.org,Other,1991-09-30,2026-01-11 08:48:57,2026-04-23 08:48:57
5,Paola Segebahn,01462704828,schomberkornelius@example.net,Female,1982-07-09,2025-10-16 08:48:57,2026-03-24 08:48:57
6,Cornelius Köster B.A.,08095 70154,bogdanhendriks@example.net,Male,2005-10-20,2025-07-21 08:48:57,2026-05-24 08:48:57
7,Pascal Neureuther,+49(0)8227 824896,susereuter@example.net,Other,1992-03-06,2026-01-09 08:48:57,2026-02-20 08:48:57
8,Heiderose Steckel,(05787) 13315,schachtbirte@example.org,Female,1986-10-20,2026-05-26 08:48:57,2026-04-25 08:48:57
9,Arif Trommler,(00310) 51834,ihamann@example.org,Female,1993-12-14,2026-06-22 08:48:57,2026-06-27 08:48:57
10,Dr. Raisa Mühle MBA.,+49(0) 116566701,kuschjadwiga@example.com,Female,1998-01-17,2026-06-25 08:48:57,2026-02-11 08:48:57
11,Falko Gröttner,+49(0) 872624731,grogner@example.org,Female,1990-03-06,2025-10-08 08:48:57,2026-03-31 08:48:57
12,Zbigniew Davids,+49(0) 267736026,krebsjosip@example.com,Male,1970-09-25,2025-08-05 08:48:57,2025-12-21 08:48:57
13,Dr. Cordula Hübel B.A.,+49(0)9805009788,bjoernpechel@example.org,Other,2000-09-26,2026-06-11 08:48:57,2026-02-01 08:48:57
14,Konstantinos Börner,(03619) 39909,lindnergerta@example.net,Male,1985-07-28,2025-11-04 08:48:57,2026-03-16 08:48:57
15,Valeria Heß,+49(0) 534624751,mielcarekelse@example.net,Other,2008-05-29,2025-10-01 08:48:57,2026-02-09 08:48:57
16,Julian Hamann,04251 35427,eleonora80@example.net,Other,1998-12-03,2026-05-07 08:48:57,2025-08-18 08:48:57
17,Valentina Spieß,+49(0)2411 824493,hansjuergen48@example.com,Male,1968-12-03,2026-07-21 08:48:57,2025-09-09 08:48:57
18,Bastian Schulz,0400524278,aroerricht@example.org,Male,1959-08-08,2025-07-14 08:48:57,2026-03-18 08:48:57
19,Jörn Beier-Koch II,(08262) 045053,gittedobes@example.com,Male,1996-12-17,2026-04-16 08:48:57,2026-06-23 08:48:57
20,Prof. Nermin Förster,+49(0) 226025634,lilotintzmann@example.org,Female,1975-11-21,2026-03-24 08:48:57,2025-12-24 08:48:57
21,Stefan Möchlichen,+49(0) 375433036,karl-heinrich14@example.com,Other,1989-08-12,2026-02-08 08:48:57,2026-05-22 08:48:57
22,Mariola Reising-Kabus,+49(0)1429401965,suekrue98@example.org,Female,1976-01-11,2026-02-13 08:48:57,2026-04-28 08:48:57
23,Ferdinand Beyer MBA.,+49(0)8835615951,amelie46@example.com,Other,1976-12-10,2026-03-30 08:48:57,2025-08-19 08:48:57
24,Kreszentia Eckbauer,+49(0) 662994680,kemal36@example.net,Other,1987-10-08,2025-09-16 08:48:57,2026-07-08 08:48:57
25,Irmingard Margraf,03872 148951,gudulajessel@example.org,Other,1998-05-13,2025-09-22 08:48:57,2026-05-18 08:48:57
26,Aleksandr Bien-Henschel,09176 936763,gerhildstroh@example.org,Other,2002-12-05,2025-08-05 08:48:57,2026-04-10 08:48:57
27,Reinhard Löffler,+49(0) 287083172,hstahr@example.net,Male,1987-03-05,2025-12-20 08:48:57,2026-01-31 08:48:57
28,Loretta Tschentscher MBA.,07277 43487,karlmans@example.org,Female,1993-06-07,2025-09-20 08:48:57,2025-08-26 08:48:57
29,Ing. Gundolf Juncken B.Sc.,+49 (0) 2362 316658,dliebelt@example.org,Other,1999-10-04,2026-04-23 08:48:57,2025-08-28 08:48:57
30,Theda Winkler-Sauer,+49(0)9670546688,zoranhartmann@example.com,Female,1978-09-18,2025-07-16 08:48:57,2025-07-12 08:48:57
31,Hans-Ludwig Kallert,(06272) 98069,carstenfrancesca@example.com,Male,1962-10-22,2026-04-18 08:48:57,2026-07-28 08:48:57
32,Clarissa Binner B.Eng.,0537556464,moechlichenali@example.net,Female,1984-03-15,2026-01-20 08:48:57,2026-03-29 08:48:57
33,Dorle Seip,+49(0)0033 092327,rosetrudi@example.org,Male,1980-04-05,2026-04-27 08:48:57,2025-10-27 08:48:57
34,Oxana Koch,+49 (0) 9912 419049,tkruschwitz@example.org,Other,1959-08-23,2026-03-05 08:48:57,2026-04-27 08:48:57
35,Herr Nicolai Wirth B.Eng.,(09190) 58651,aleksandr67@example.org,Other,1978-08-04,2025-12-01 08:48:57,2026-01-23 08:48:57
36,Magrit Mies,+49 (0) 6284 987769,mariusz31@example.com,Other,2002-05-05,2025-12-22 08:48:57,2026-06-01 08:48:57
37,Dipl.-Ing. Kasimir Schmidt MBA.,00752735454,branka08@example.org,Female,1960-02-25,2026-06-03 08:48:57,2026-04-09 08:48:57
38,Dipl.-Ing. Kreszenz Werner,+49(0) 777014363,gina95@example.com,Other,1984-12-12,2025-10-30 08:48:57,2025-11-11 08:48:57
39,Hildegunde Weinhage,05574 44313,ernst-august82@example.org,Female,1967-01-30,2025-07-27 08:48:57,2025-10-18 08:48:57
40,Ing. Mirjam Schacht B.Eng.,+49(0)3435 240824,blochbirgitta@example.com,Female,1992-07-30,2025-10-19 08:48:57,2026-01-21 08:48:57
41,Marco Weller-Noack,+49(0)0947 775204,edrewes@example.com,Female,1981-09-04,2026-04-23 08:48:57,2026-06-04 08:48:57
42,Cord Fischer,(04131) 869993,cmende@example.com,Other,2001-03-15,2025-12-04 08:48:57,2026-06-28 08:48:57
43,Ing. Lara Scholl,+49(0)9133412328,frankeachim@example.com,Male,1979-06-29,2026-06-18 08:48:57,2026-05-27 08:48:57
44,Ing. Alwina Heinrich B.Eng.,+49(0)7134 93618,friederickefischer@example.com,Other,1999-06-05,2026-05-24 08:48:57,2025-08-30 08:48:57
45,Ansgar Gehringer,+49(0)9947 17464,fmangold@example.net,Female,1957-09-22,2025-10-12 08:48:57,2026-07-12 08:48:57
46,Univ.Prof. Friedlinde Schleich,+49(0)0139 90490,wenzelpohl@example.net,Female,1979-01-20,2026-01-30 08:48:57,2025-10-12 08:48:57
47,Clara Sauer,0717565512,samir74@example.net,Female,2005-09-17,2025-11-16 08:48:57,2026-04-07 08:48:57
48,Henry Cichorius,04516808760,anna-mariaklotz@example.net,Other,1995-09-15,2026-08-08 08:48:57,2025-08-30 08:48:57
49,Olav Birnbaum B.A.,+49(0)8247 71093,louisrohleder@example.org,Other,1984-11-19,2026-06-16 08:48:57,2025-08-29 08:48:57
50,Enno Drewes,01274 846773,jrohleder@example.com,Other,1965-09-19,2025-07-25 08:48:57,2026-03-30 08:48:57
51,Steve Bohnbach-Hofmann,0584044997,timrenner@example.com,Other,1973-11-27,2026-02-20 08:48:57,2026-06-17 08:48:57
52,Irena Jungfer-Graf,+49(0) 963605766,agnesbeier@example.org,Female,1982-03-27,2026-01-03 08:48:57,2026-05-25 08:48:57
53,Stefani Ditschlerin,01870 262174,emilia61@example.com,Female,2000-10-15,2026-08-12 08:48:57,2025-08-09 08:48:57
54,Wally Junck-Schomber,08091 343161,martinguido@example.net,Other,1971-06-27,2026-04-01 08:48:57,2025-11-30 08:48:57
55,Anatolij Junk,+49(0)4556238692,hannibudig@example.net,Male,2001-10-08,2025-11-27 08:48:57,2026-06-20 08:48:57
56,Dipl.-Ing. Urban Säuberlich B.A.,+49(0) 747407482,margraftraude@example.com,Other,2007-12-17,2026-03-14 08:48:57,2025-09-20 08:48:57
57,Mandy Löffler,+49(0)7436 71369,christin44@example.org,Other,2007-06-13,2025-10-06 08:48:57,2026-05-04 08:48:57
58,Emmy Anders-Rosemann,(00974) 39533,halina21@example.net,Male,1989-11-14,2026-02-03 08:48:57,2025-07-19 08:48:57
59,Rebecca Mans,+49(0)9521456232,anni84@example.org,Male,1969-03-26,2025-11-10 08:48:57,2025-07-11 08:48:57
60,Ing. Nathalie Kambs B.Sc.,01236 851604,metzpaul@example.net,Other,1995-04-25,2026-08-13 08:48:57,2025-10-11 08:48:57
61,Lidija Kranz,(05137) 09859,friederickebolnbach@example.net,Female,1999-04-13,2025-12-06 08:48:57,2026-08-04 08:48:57
62,Margaret Lange,+49(0)2004 711382,xmetz@example.net,Male,2005-12-07,2026-02-09 08:48:57,2026-03-09 08:48:57
63,Prof. Natalie Vogt,+49 (0) 6179 640537,xheinz@example.org,Male,2007-08-09,2026-07-15 08:48:57,2026-04-12 08:48:57
64,Kirsten Seidel,00643171390,zimmermeinolf@example.org,Other,2008-01-09,2026-07-04 08:48:57,2026-07-01 08:48:57
65,Apostolos Wieloch B.A.,(03352) 904228,ludwina21@example.net,Other,2001-07-15,2025-12-08 08:48:57,2026-07-09 08:48:57
66,Ahmet Klemt-Zobel,+49(0) 950240268,weinhagecarl-heinz@example.com,Other,1979-05-17,2025-07-17 08:48:57,2026-06-10 08:48:57
67,Juliana Scheel,+49(0)7839 084700,bkuehnert@example.net,Male,1961-05-03,2025-09-10 08:48:57,2025-12-13 08:48:57
68,Annelene Butte B.Eng.,(02124) 998569,udo89@example.com,Other,1960-11-13,2026-05-21 08:48:57,2026-03-31 08:48:57
69,Slawomir Sölzer,(08367) 36576,gvollbrecht@example.com,Other,1978-03-26,2025-10-07 08:48:57,2026-01-09 08:48:57
70,Gusti Fliegner,(07111) 16152,schaafvaleska@example.net,Male,1985-05-20,2025-11-10 08:48:57,2025-07-23 08:48:57
71,Harm Klapp,(06049) 45198,gernotsontag@example.com,Other,1967-07-02,2025-08-25 08:48:57,2026-05-03 08:48:57
72,Hanni Röhricht,01493689980,angelo24@example.net,Other,1996-01-09,2026-03-07 08:48:57,2026-01-21 08:48:57
73,Gina Albers,+49 (0) 2961 201836,vmetz@example.org,Other,1975-03-24,2025-09-15 08:48:57,2026-02-03 08:48:57
74,Petra Rosenow,(01022) 901476,cauch-schlauchin@example.com,Female,1970-02-03,2025-11-22 08:48:57,2025-12-25 08:48:57
75,Hagen Losekann,+49(0)4978 403690,haaseladislaus@example.org,Male,1996-04-14,2026-04-09 08:48:57,2026-04-20 08:48:57
76,Evangelia Junken,+49(0)0762 268388,claudio60@example.com,Male,1956-08-09,2026-02-21 08:48:57,2026-08-03 08:48:57
77,Stephan Johann,(06966) 416052,xstumpf@example.org,Other,1978-10-05,2025-11-03 08:48:57,2026-04-18 08:48:57
78,Eugen Mälzer,(06816) 453521,radischanette@example.org,Other,2003-08-18,2026-04-23 08:48:57,2026-08-10 08:48:57
79,Gina Vogt,(02312) 43292,gierschnerursula@example.net,Male,1981-10-20,2025-08-16 08:48:57,2025-09-24 08:48:57
80,Marisa Rosemann B.Eng.,(05271) 77449,kitzmannana@example.org,Male,1972-01-25,2026-04-18 08:48:57,2026-07-10 08:48:57
81,Amelie Bohlander B.Eng.,+49(0)1199 86798,mendesibilla@example.net,Male,1990-02-28,2026-02-25 08:48:57,2026-07-08 08:48:57
82,Lisette Mülichen,02071 51820,imkemangold@example.com,Other,1983-05-23,2026-04-14 08:48:57,2026-03-24 08:48:57
83,Ing. Hans-Gerhard Holzapfel,0659051518,qhoelzenbecher@example.net,Other,2000-09-30,2025-12-08 08:48:57,2026-04-26 08:48:57
84,Guiseppe Butte-Säuberlich,(02546) 29148,yseifert@example.com,Other,1998-09-18,2026-06-07 08:48:57,2025-08-08 08:48:57
85,Mark Steckel,0850542357,henningetzler@example.org,Other,1959-09-14,2025-10-22 08:48:57,2025-12-14 08:48:57
86,Janusz Winkler,08059 29622,marleensuessebier@example.net,Male,1998-06-30,2025-12-14 08:48:57,2026-01-17 08:48:57
87,Univ.Prof. Heinz-Otto Beyer,0537947383,wally73@example.com,Male,1991-07-26,2026-06-26 08:48:57,2026-06-25 08:48:57
88,Irmengard Wilmsen B.Eng.,0886239240,jkoehler@example.org,Other,1993-04-27,2026-01-05 08:48:57,2026-02-13 08:48:57
89,Friedhelm Carsten,+49 (0) 4782 613750,zbloch@example.net,Female,1975-06-08,2026-01-15 08:48:57,2025-12-17 08:48:57
90,Annemie Köster-Hauffer,+49(0)5152204727,aschmiedt@example.org,Other,1956-08-14,2026-07-17 08:48:57,2025-09-03 08:48:57
91,Sergej Fischer MBA.,+49(0)4341 036971,ortmanndolores@example.net,Other,1956-06-26,2025-09-17 08:48:57,2026-06-24 08:48:57
92,Univ.Prof. Claudio Hornich MBA.,+49(0)9539621851,krebspascale@example.com,Male,1957-12-02,2026-01-19 08:48:57,2025-08-06 08:48:57
93,Gunhild Herrmann-Weinhold,+49(0)5153195205,margarete27@example.net,Female,1980-12-22,2026-06-19 08:48:57,2026-04-08 08:48:57
94,Dr. Anto Trubin,00430 305486,cherrmann@example.net,Male,1965-09-28,2026-05-08 08:48:57,2025-11-12 08:48:57
95,Sofia Zahn,+49(0)5415667652,fsuessebier@example.com,Female,2004-08-08,2026-06-03 08:48:57,2026-01-09 08:48:57
96,Ricarda Carsten,0169284511,gesa44@example.com,Male,1987-07-22,2026-03-24 08:48:57,2025-12-20 08:48:57
97,Dr. Marliese Martin,07059640165,uschibecker@example.org,Male,2000-08-05,2026-07-06 08:48:57,2025-12-30 08:48:57
98,Amalia Eberth B.Sc.,+49(0) 556909275,till19@example.org,Other,1983-09-04,2026-06-24 08:48:57,2026-07-19 08:48:57
99,Frederike Seip-Holsten,+49(0) 102786814,huelya73@example.net,Other,1970-10-01,2025-11-10 08:48:57,2026-08-06 08:48:57
100,Dr. Betti Ernst B.Sc.,02715 518844,ingetraudtroest@example.net,Male,1989-05-31,2025-07-24 08:48:57,2026-04-14 08:48:57
101,Josefa Hauffer,+49(0)3237 058957,eleonorechristoph@example.org,Male,1972-01-03,2026-01-17 08:48:57,2025-12-08 08:48:57
102,Prof. Henny Wilmsen MBA.,(01251) 778528,kristinehlert@example.com,Female,1982-04-07,2026-04-26 08:48:57,2026-01-20 08:48:57
103,Senol Ebert,02422 53584,hermannhans-peter@example.net,Male,2006-04-21,2026-05-21 08:48:57,2026-01-31 08:48:57
104,Bianca Schomber,+49(0)9818 29922,mercedes90@example.org,Male,1959-12-02,2026-01-26 08:48:57,2026-03-31 08:48:57
105,Margarete Häring,(06907) 844736,traugott10@example.org,Female,1978-11-30,2026-03-20 08:48:57,2026-01-09 08:48:57
106,Dipl.-Ing. Danica Karge B.A.,05562588153,reberhardt@example.com,Other,1968-10-02,2025-08-04 08:48:57,2025-11-02 08:48:57
107,Andrei Hoffmann,0963259532,dpieper@example.com,Other,2002-03-17,2025-08-11 08:48:57,2025-12-07 08:48:57
108,Frau Antje Kreusel MBA.,+49(0) 395004797,ariane01@example.com,Male,1962-09-17,2026-05-08 08:48:57,2026-03-15 08:48:57
109,Mona Kobelt,0506098358,claus-dieter68@example.com,Male,1996-02-17,2026-07-15 08:48:57,2025-10-21 08:48:57
110,Sabina Scholz,(09121) 65585,hans-uweschleich@example.net,Other,1976-11-20,2025-11-09 08:48:57,2026-07-13 08:48:57
111,Anatoli Bender,+49 (0) 5787 298259,gotthilf69@example.net,Other,2000-04-09,2026-03-06 08:48:57,2026-07-15 08:48:57
112,Jolanthe Pechel,07947 05516,lucia09@example.com,Male,1969-09-08,2025-10-18 08:48:57,2025-12-12 08:48:57
113,Univ.Prof. Andrej Säuberlich MBA.,+49 (0) 8962 309130,ajohann@example.org,Other,1977-07-02,2025-11-15 08:48:57,2026-05-25 08:48:57
114,Harm Otto MBA.,+49(0)2838578652,vreichmann@example.net,Male,1974-05-23,2025-11-26 08:48:57,2026-07-03 08:48:57
115,Ljudmila Nette,+49(0) 348434437,wolf-dieter58@example.net,Male,1970-02-08,2026-07-09 08:48:57,2025-10-13 08:48:57
116,Kemal Stey,06652 40415,qsoelzer@example.net,Male,1981-01-02,2025-09-02 08:48:57,2026-04-15 08:48:57
117,Sebastian Renner B.Eng.,04219 93308,fatimaheintze@example.org,Female,1960-12-03,2026-06-13 08:48:57,2025-10-26 08:48:57
118,Milka Mude,+49(0)2082 677345,freia01@example.net,Male,1986-01-16,2025-10-21 08:48:57,2025-10-13 08:48:57
119,Urs Gertz,0206724004,kaesterkarsten@example.com,Male,2008-01-14,2025-09-30 08:48:57,2026-07-03 08:48:57
120,Dr. Sigrun Pärtzelt MBA.,+49(0)3152 74205,caterina32@example.net,Female,2000-12-28,2025-09-11 08:48:57,2025-10-19 08:48:57
